customer_id,customer_name,email,city,state,region,customer_segment,signup_date
764915,"riya gupta",riya.gupta849@gmail.com,delhi,delhi,north,consumer,2024-02-13
287271,"sahil desai",sahil.desai588@outlook.com,bhubaneswar,odisha,east,consumer,2025-04-21
709183,"zoya bose",zoya.bose449@outlook.com,nagpur,maharashtra,west,consumer,2024-10-16
807170,"ishaan kapoor",ishaan.kapoor479@outlook.com,bhubaneswar,odisha,east,consumer,2024-10-05
311483,"nikhil das",nikhil.das763@gmail.com,indore,"madhya pradesh",central,"small business",2025-12-15
179644,"aditi das",aditi.das771@outlook.com,ahmedabad,gujarat,west,consumer,2024-12-21
962018,"mihir menon",mihir.menon303@yahoo.com,lucknow,"uttar pradesh",north,consumer,2026-02-13
456776,"sakshi singh",sakshi.singh829@yahoo.com,pune,maharashtra,west,consumer,2024-03-09
898070,"sameer joshi",sameer.joshi414@yahoo.com,noida,"uttar pradesh",north,consumer,2024-03-27
593800,"rohan patel",rohan.patel85@yahoo.com,indore,"madhya pradesh",central,"small business",2025-12-08
876105,"priya bhat",priya.bhat821@yahoo.com,patna,bihar,east,consumer,2025-01-21
257381,"arnav reddy",arnav.reddy494@yahoo.com,jaipur,rajasthan,north,consumer,2024-07-21
654697,"vikas kulkarni",vikas.kulkarni460@yahoo.com,bhopal,"madhya pradesh",central,consumer,2024-04-12
371942,"isha nair",isha.nair776@yahoo.com,noida,"uttar pradesh",north,corporate,2025-07-18
520073,"dhruv singh",dhruv.singh303@outlook.com,kolkata,"west bengal",east,consumer,2026-02-17
774101,"kabir bose",kabir.bose917@gmail.com,bhubaneswar,odisha,east,"small business",2024-02-16
958204,"kiara pillai",kiara.pillai506@gmail.com,chennai,"tamil nadu",south,consumer,2024-09-06
559636,"shreya banerjee",shreya.banerjee251@gmail.com,kochi,kerala,south,consumer,2024-01-16
725952,"varun verma",varun.verma135@gmail.com,noida,"uttar pradesh",north,consumer,2026-03-17
980569,"kiara kapoor",kiara.kapoor538@gmail.com,nagpur,maharashtra,west,consumer,2025-08-07
648433,"meera rao",meera.rao523@yahoo.com,nagpur,maharashtra,west,consumer,2025-07-20
707085,"aman menon",aman.menon546@gmail.com,ahmedabad,gujarat,west,consumer,2025-05-21
951867,"meera menon",meera.menon354@yahoo.com,kochi,kerala,south,consumer,2025-11-06
859034,"aarav malhotra",aarav.malhotra997@gmail.com,lucknow,"uttar pradesh",north,consumer,2025-12-20
565558,"ayush singh",ayush.singh411@gmail.com,gurugram,haryana,north,consumer,2025-08-14
203145,"meera singh",meera.singh94@yahoo.com,NULL,haryana,north,"small business",2026-02-18
192777,"isha mehta",isha.mehta910@yahoo.com,kolkata,"west bengal",east,consumer,2024-02-24
300385,"aarav bhat",aarav.bhat86@gmail.com,nagpur,maharashtra,west,consumer,2024-06-16
734356,"mihir singh",mihir.singh195@gmail.com,bhopal,"madhya pradesh",central,consumer,2025-05-16
287357,"akash rao",akash.rao546@yahoo.com,bhopal,"madhya pradesh",central,"small business",2025-08-02
738616,"kiara kapoor",kiara.kapoor46@gmail.com,nagpur,maharashtra,west,consumer,2025-10-28
884995,"arnav gupta",arnav.gupta50@outlook.com,kolkata,"west bengal",east,consumer,2025-08-08
968630,"sameer bose",sameer.bose980@gmail.com,delhi,delhi,north,consumer,2025-11-24
935164,"manav agarwal",manav.agarwal376@gmail.com,patna,bihar,east,consumer,2024-04-20
792467,"vikas das",vikas.das398@gmail.com,chennai,"tamil nadu",south,consumer,2024-10-28
568955,"ishaan singh",ishaan.singh64@gmail.com,kochi,kerala,south,consumer,2025-04-25
553490,"sameer das",sameer.das893@gmail.com,nagpur,maharashtra,west,consumer,2025-02-21
190452,"tanvi shah",tanvi.shah287@outlook.com,delhi,delhi,north,consumer,2025-07-21
928190,"avni bose",avni.bose814@yahoo.com,lucknow,"uttar pradesh",north,consumer,2024-09-05
835698,"kavya desai",kavya.desai550@yahoo.com,jaipur,rajasthan,north,corporate,2024-11-05
509415,"tanvi rao",tanvi.rao954@gmail.com,gurugram,haryana,north,consumer,2024-02-17
827650,"avni shah",avni.shah900@gmail.com,surat,gujarat,west,consumer,2024-03-23
814369,"ved malhotra",ved.malhotra982@outlook.com,NULL,haryana,north,consumer,2024-04-07
925336,"riya bose",riya.bose232@outlook.com,hyderabad,telangana,south,consumer,2026-04-02
577818,"tanvi menon",tanvi.menon771@outlook.com,surat,gujarat,west,consumer,2024-03-04
384470,"akash  khan",akash.khan491@yahoo.com,nagpur,maharashtra,west,consumer,2025-09-03
384876,"ved reddy",ved.reddy787@outlook.com,indore,"madhya pradesh",central,consumer,2025-04-21
601846,"mihir pillai",mihir.pillai945@outlook.com,noida,"uttar pradesh",north,consumer,2025-06-02
310574,"sahil malhotra",sahil.malhotra134@yahoo.com,bhopal,"madhya pradesh",central,consumer,2025-06-04
475655,"sameer banerjee",sameer.banerjee691@gmail.com,hyderabad,telangana,south,consumer,2024-12-21
765325,"ananya patel",ananya.patel252@yahoo.com,mumbai,maharashtra,west,"small business",2024-04-07
740287,"rahul pillai",rahul.pillai891@yahoo.com,mumbai,maharashtra,west,consumer,2025-04-21
730472,"kabir bose",kabir.bose366@yahoo.com,pune,maharashtra,west,consumer,2024-08-01
158505,"priya bhat",priya.bhat604@outlook.com,bhopal,"madhya pradesh",central,consumer,2024-07-28
759247,"tanvi sharma",tanvi.sharma902@yahoo.com,gurugram,haryana,north,consumer,2025-03-12
185572,"arnav mehta",arnav.mehta894@yahoo.com,ahmedabad,gujarat,west,consumer,2026-04-07
504504,"rahul reddy",rahul.reddy558@outlook.com,chennai,"tamil nadu",south,consumer,2025-03-17
200363,"mihir reddy",mihir.reddy134@gmail.com,kolkata,"west bengal",east,consumer,2024-01-31
551603,"rahul menon",rahul.menon384@gmail.com,bhubaneswar,odisha,east,corporate,2024-10-20
740696,"diya menon",diya.menon19@outlook.com,jaipur,rajasthan,west,consumer,2024-02-08
756713,"varun kapoor",varun.kapoor279@outlook.com,surat,gujarat,west,consumer,2025-02-25
375259,"kavya sharma",kavya.sharma349@gmail.com,bhopal,"madhya pradesh",central,corporate,2024-02-03
800130,"aditya gupta",aditya.gupta139@yahoo.com,lucknow,"uttar pradesh",NULL,consumer,2024-06-14
419328,"nikhil banerjee",nikhil.banerjee728@yahoo.com,chennai,"tamil nadu",south,"small business",2025-11-11
853329,"isha das",isha.das18@outlook.com,kochi,kerala,south,"small business",2025-12-10
131550,"pranav khan",pranav.khan920@outlook.com,mumbai,maharashtra,west,consumer,2025-12-11
983577,"kabir joshi",kabir.joshi619@gmail.com,hyderabad,telangana,south,consumer,2026-02-11
188500,"sahil khan",sahil.khan128@yahoo.com,patna,bihar,east,"small business",2024-10-12
948367,"bhavya joshi",bhavya.joshi440@gmail.com,chennai,"tamil nadu",south,consumer,2024-08-10
894652,"nikhil menon",nikhil.menon526@yahoo.com,indore,"madhya pradesh",central,consumer,2026-04-12
532932,"aarav agarwal",aarav.agarwal838@yahoo.com,surat,gujarat,west,consumer,2025-05-19
200920,"bhavya shah",bhavya.shah844@outlook.com,bhubaneswar,odisha,east,consumer,2024-03-09
905133,"rhea verma",NULL,surat,gujarat,west,consumer,2025-01-09
938019,"aman iyer",aman.iyer400@yahoo.com,chennai,"tamil nadu",south,consumer,2025-04-01
159127,"aarav malhotra",aarav.malhotra421@yahoo.com,bengaluru,karnataka,south,consumer,2024-03-15
837919,"aman kapoor",aman.kapoor464@outlook.com,kochi,kerala,south,"small business",2025-08-31
329636,"manav rao",manav.rao983@gmail.com,ahmedabad,gujarat,west,consumer,2024-07-06
989226,"yash gupta",yash.gupta987@outlook.com,nagpur,maharashtra,west,consumer,2025-05-05
710265,"arjun nair",arjun.nair206@outlook.com,gurugram,haryana,north,consumer,2025-05-01
256842,"riya bose",riya.bose487@outlook.com,bhopal,"madhya pradesh",central,consumer,2024-09-29
717322,"priya rao",priya.rao682@gmail.com,lucknow,"uttar pradesh",north,consumer,2024-02-13
327908,"avni malhotra",NULL,indore,"madhya pradesh",central,consumer,2025-06-07
634991,"riya singh",riya.singh752@outlook.com,nagpur,maharashtra,west,consumer,2025-03-04
783204,"ananya banerjee",ananya.banerjee631@gmail.com,nagpur,maharashtra,west,consumer,2025-09-11
410841,"avni desai",avni.desai701@yahoo.com,bhubaneswar,odisha,east,corporate,2024-07-09
585327,"nikhil pillai",nikhil.pillai432@yahoo.com,noida,"uttar pradesh",north,consumer,2026-02-12
606624,"priya bhat",priya.bhat582@outlook.com,nagpur,maharashtra,west,"small business",2026-01-09
590465,"avni banerjee",avni.banerjee74@outlook.com,ahmedabad,gujarat,west,consumer,2024-03-07
782094,"bhavya reddy",bhavya.reddy770@outlook.com,ahmedabad,gujarat,west,consumer,2025-10-06
959389,"isha khan",isha.khan249@gmail.com,delhi,delhi,north,"small business",2025-04-14
205182,"rahul singh",rahul.singh573@yahoo.com,kochi,kerala,south,"small business",2025-05-20
534430,"rohan banerjee",rohan.banerjee211@outlook.com,mumbai,maharashtra,west,consumer,2024-08-14
259621,"rohan bose",rohan.bose473@gmail.com,kolkata,"west bengal",east,consumer,2024-04-24
100900,"dhruv rao",dhruv.rao681@gmail.com,noida,"uttar pradesh",north,consumer,2026-01-30
401832,"sameer pillai",sameer.pillai824@outlook.com,indore,"madhya pradesh",central,"small business",2024-05-16
257678,"tanvi kulkarni",tanvi.kulkarni840@yahoo.com,kolkata,"west bengal",east,consumer,2024-07-01
142839,"simran agarwal",simran.agarwal493@outlook.com,kochi,kerala,south,consumer,2025-10-11
130626,"rhea verma",rhea.verma444@yahoo.com,pune,maharashtra,west,consumer,2024-04-15
159009,"varun shah",varun.shah189@yahoo.com,NULL,gujarat,west,"small business",2025-12-14
733053,"riya agarwal",riya.agarwal390@yahoo.com,indore,"madhya pradesh",central,"small business",2025-07-16
333092,"aarav verma",aarav.verma626@yahoo.com,bhopal,"madhya pradesh",central,consumer,2025-01-19
360759,"varun singh",varun.singh439@outlook.com,mumbai,maharashtra,west,consumer,2025-03-23
947085,"rhea gupta",rhea.gupta600@gmail.com,bhopal,"madhya pradesh",central,consumer,2024-04-25
437110,"neha reddy",neha.reddy577@gmail.com,bhopal,"madhya pradesh",central,consumer,2024-10-04
382701,"vivek singh",vivek.singh379@yahoo.com,surat,gujarat,west,consumer,2024-06-13
230884,"pallavi reddy",pallavi.reddy612@gmail.com,patna,bihar,east,consumer,2026-02-23
926948,"riya singh",riya.singh246@yahoo.com,hyderabad,telangana,south,"small business",2024-02-06
815331,"sahil pillai",sahil.pillai304@outlook.com,pune,maharashtra,west,consumer,2026-04-02
811119,"pranav  khan",pranav.khan641@outlook.com,ahmedabad,gujarat,west,consumer,2025-12-01
816732,"arnav mehta",NULL,bhubaneswar,odisha,east,consumer,2024-01-03
665049,"nikhil kapoor",nikhil.kapoor858@yahoo.com,hyderabad,telangana,south,consumer,2024-02-16
607287,"riya menon",riya.menon289@outlook.com,indore,"madhya pradesh",central,consumer,2025-09-03
147429,"sahil das",sahil.das295@gmail.com,mumbai,maharashtra,west,consumer,2025-09-09
994768,"riya bhat",riya.bhat941@gmail.com,patna,bihar,east,consumer,2024-02-19
361935,"kavya rao",kavya.rao524@gmail.com,nagpur,maharashtra,west,"small business",2024-04-11
225610,"kiara verma",kiara.verma568@outlook.com,jaipur,rajasthan,north,consumer,2025-09-03
151040,"riya iyer",riya.iyer307@outlook.com,chennai,"tamil nadu",south,consumer,2024-08-09
156249,"diya patel",diya.patel449@outlook.com,gurugram,haryana,north,consumer,2024-02-07
989775,"aditi gupta",aditi.gupta270@outlook.com,hyderabad,telangana,west,consumer,2024-08-14
126201,"sameer khan",sameer.khan57@yahoo.com,nagpur,maharashtra,west,consumer,2024-12-10
558991,"aditi kulkarni",aditi.kulkarni939@outlook.com,ahmedabad,gujarat,west,"small business",2024-08-30
411950,"sahil rao",sahil.rao253@outlook.com,surat,gujarat,west,consumer,2025-11-12
344759,"priya singh",priya.singh210@yahoo.com,indore,"madhya pradesh",central,consumer,2025-11-06
188247,"priya singh",priya.singh62@gmail.com,patna,bihar,east,consumer,2025-09-04
670233,"nisha  patel",nisha.patel607@gmail.com,hyderabad,telangana,south,consumer,2025-04-10
883666,"rohan bhat",rohan.bhat187@gmail.com,gurugram,haryana,north,consumer,2025-03-04
527962,"arjun  gupta",arjun.gupta581@outlook.com,indore,"madhya pradesh",central,corporate,2024-08-25
903968,"tanvi banerjee",tanvi.banerjee65@outlook.com,patna,bihar,NULL,consumer,2024-10-19
765560,"rhea malhotra",rhea.malhotra739@yahoo.com,chennai,"tamil nadu",south,consumer,2025-05-22
763304,"pallavi iyer",pallavi.iyer684@gmail.com,nagpur,maharashtra,west,consumer,2025-05-06
233393,"dhruv kulkarni",dhruv.kulkarni741@gmail.com,mumbai,maharashtra,south,consumer,2024-11-21
455093,"rhea iyer",rhea.iyer982@gmail.com,hyderabad,telangana,south,consumer,2026-03-12
248652,"avni kulkarni",avni.kulkarni768@yahoo.com,bengaluru,karnataka,south,consumer,2025-05-27
679329,"zoya mehta",zoya.mehta315@outlook.com,indore,"madhya pradesh",central,consumer,2024-09-18
627277,"arjun menon",arjun.menon479@outlook.com,mumbai,maharashtra,west,"small business",2024-02-21
719823,"zoya patel",zoya.patel432@gmail.com,bengaluru,karnataka,south,consumer,2024-08-23
849738,"aman pillai",aman.pillai927@gmail.com,kolkata,"west bengal",east,consumer,2025-10-11
920802,"vivek bhat",vivek.bhat591@outlook.com,NULL,"madhya pradesh",central,"small business",2025-04-05
778380,"aditi patel",aditi.patel451@outlook.com,nagpur,maharashtra,west,consumer,2024-07-07
759732,"neha bose",neha.bose168@outlook.com,surat,gujarat,west,consumer,2025-03-04
670968,"yash kulkarni",yash.kulkarni920@gmail.com,kochi,kerala,south,consumer,2024-05-11
578302,"zoya khan",zoya.khan998@yahoo.com,bhopal,"madhya pradesh",central,consumer,2024-04-21
281740,"bhavya bose",bhavya.bose478@yahoo.com,ahmedabad,gujarat,west,consumer,2024-04-10
983344,"mihir rao",mihir.rao982@gmail.com,noida,"uttar pradesh",north,consumer,2025-11-26
232362,"ved iyer",ved.iyer847@outlook.com,chennai,"tamil nadu",south,consumer,2026-01-23
866195,"mihir rao",mihir.rao51@gmail.com,mumbai,maharashtra,west,consumer,2025-07-07
440333,"bhavya singh",bhavya.singh551@gmail.com,surat,gujarat,west,"small business",2024-03-05
746968,"akash  bhat",akash.bhat570@yahoo.com,surat,gujarat,west,"small business",2025-05-13
941978,"neha mehta",neha.mehta860@gmail.com,gurugram,haryana,north,consumer,2024-04-27
870571,"vikas verma",vikas.verma307@outlook.com,gurugram,haryana,north,consumer,2026-04-18
407648,"pranav desai",pranav.desai573@yahoo.com,lucknow,"uttar pradesh",north,consumer,2024-08-08
558733,"dhruv kulkarni",dhruv.kulkarni334@outlook.com,kolkata,"west bengal",east,consumer,2026-01-12
611527,"rahul verma",rahul.verma482@yahoo.com,hyderabad,telangana,south,corporate,2024-10-30
948985,"arnav das",arnav.das153@yahoo.com,mumbai,maharashtra,west,consumer,2025-04-06
875514,"zoya das",zoya.das92@outlook.com,nagpur,maharashtra,south,consumer,2024-03-14
204112,"pranav agarwal",pranav.agarwal69@gmail.com,surat,gujarat,west,corporate,2024-11-29
406241,"aarav kapoor",aarav.kapoor231@gmail.com,bhubaneswar,odisha,east,consumer,2026-03-18
379395,"pranav iyer",pranav.iyer344@gmail.com,indore,"madhya pradesh",central,consumer,2025-01-10
391959,"aditya kapoor",aditya.kapoor646@gmail.com,gurugram,haryana,north,"small business",2024-05-26
537858,"ayush pillai",ayush.pillai51@yahoo.com,indore,"madhya pradesh",central,"small business",2024-01-26
828898,"ishaan desai",ishaan.desai581@gmail.com,bhopal,"madhya pradesh",central,consumer,2024-05-14
758153,"ananya das",ananya.das794@yahoo.com,hyderabad,telangana,south,consumer,2025-11-06
784164,"simran iyer",simran.iyer965@gmail.com,delhi,delhi,north,"small business",2026-03-25
632863,"neha agarwal",neha.agarwal333@yahoo.com,chennai,"tamil nadu",south,consumer,2025-07-17
155485,"nikhil sharma",nikhil.sharma275@yahoo.com,pune,maharashtra,west,consumer,2024-02-19
215684,"varun banerjee",varun.banerjee12@gmail.com,kochi,kerala,south,consumer,2026-04-03
247829,"akash gupta",akash.gupta834@outlook.com,mumbai,maharashtra,west,consumer,2025-09-30
918245,"akash malhotra",akash.malhotra775@gmail.com,chennai,"tamil nadu",south,consumer,2026-03-10
667162,"bhavya malhotra",bhavya.malhotra998@outlook.com,jaipur,rajasthan,north,consumer,2024-02-27
603177,"pallavi khan",pallavi.khan34@gmail.com,bengaluru,karnataka,south,consumer,2025-10-17
629979,"vikas das",vikas.das634@gmail.com,kochi,kerala,south,consumer,2025-11-17
754652,"sameer pillai",sameer.pillai382@gmail.com,noida,"uttar pradesh",north,consumer,2025-01-23
351483,"pranav kulkarni",pranav.kulkarni680@yahoo.com,bengaluru,karnataka,south,consumer,2024-09-09
633700,"neha iyer",neha.iyer898@outlook.com,chennai,"tamil nadu",south,"small business",2025-11-22
122935,"dhruv bhat",dhruv.bhat559@gmail.com,nagpur,maharashtra,west,consumer,2024-08-23
969755,"akash agarwal",akash.agarwal311@gmail.com,nagpur,maharashtra,west,consumer,2026-03-27
415781,"avni malhotra",avni.malhotra945@yahoo.com,bhopal,"madhya pradesh",central,consumer,2025-02-08
604773,"yash malhotra",yash.malhotra920@yahoo.com,bhopal,"madhya pradesh",central,consumer,2026-01-04
572689,"yash das",yash.das671@outlook.com,bhubaneswar,odisha,east,consumer,2026-04-29
624404,"rhea nair",rhea.nair583@outlook.com,jaipur,rajasthan,north,consumer,2025-11-10
861788,"shreya das",shreya.das503@outlook.com,chennai,"tamil nadu",south,consumer,2025-03-09
800293,"manav singh",NULL,lucknow,"uttar pradesh",north,consumer,2024-02-02
386418,"priya bose",priya.bose393@gmail.com,bhubaneswar,odisha,east,consumer,2024-02-17
941623,"kiara banerjee",kiara.banerjee377@gmail.com,hyderabad,telangana,south,consumer,2024-03-26
601640,"kabir mehta",kabir.mehta992@gmail.com,bhubaneswar,odisha,east,consumer,2026-02-22
800485,"akash joshi",akash.joshi966@yahoo.com,bengaluru,karnataka,south,consumer,2025-09-18
470053,"tanvi malhotra",tanvi.malhotra160@outlook.com,kochi,kerala,south,consumer,2024-07-09
591216,"aditya rao",aditya.rao680@outlook.com,mumbai,maharashtra,west,"small business",2025-06-13
984030,"varun singh",varun.singh133@yahoo.com,bhopal,"madhya pradesh",central,consumer,2024-10-17
305633,"aman kapoor",aman.kapoor729@gmail.com,patna,bihar,east,consumer,2024-02-18
188494,"akash desai",akash.desai935@outlook.com,indore,"madhya pradesh",central,consumer,2026-04-01
958803,"manav sharma",manav.sharma638@gmail.com,kolkata,"west bengal",east,consumer,2025-04-28
904239,"diya reddy",diya.reddy685@outlook.com,bhubaneswar,odisha,east,"small business",2024-01-05
223768,"aarav shah",aarav.shah699@gmail.com,bhopal,"madhya pradesh",central,"small business",2024-09-14
262607,"yash khan",yash.khan551@outlook.com,hyderabad,telangana,south,consumer,2025-03-27
277952,"kabir banerjee",kabir.banerjee970@outlook.com,chennai,"tamil nadu",south,"small business",2025-11-09
148259,"kavya mehta",kavya.mehta13@outlook.com,bhopal,"madhya pradesh",central,consumer,2025-06-25
372970,"kabir desai",kabir.desai397@yahoo.com,bhopal,"madhya pradesh",central,consumer,2024-07-17
547445,"priya iyer",priya.iyer316@gmail.com,nagpur,maharashtra,west,consumer,2024-09-04
367193,"kabir agarwal",kabir.agarwal638@yahoo.com,kochi,kerala,south,consumer,2025-02-02
620517,"aditi joshi",aditi.joshi427@yahoo.com,bhubaneswar,odisha,east,consumer,2025-06-20
605121,"avni das",avni.das470@yahoo.com,delhi,delhi,north,consumer,2024-11-22
183671,"neha kulkarni",neha.kulkarni938@outlook.com,hyderabad,telangana,south,consumer,2026-03-22
690321,"arjun gupta",arjun.gupta47@yahoo.com,jaipur,rajasthan,north,consumer,2025-03-22
832149,"nisha das",nisha.das319@gmail.com,kochi,kerala,south,consumer,2025-07-27
681114,"kabir das",kabir.das928@yahoo.com,delhi,delhi,north,consumer,2025-02-14
550242,"ayush rao",ayush.rao689@gmail.com,hyderabad,telangana,south,consumer,2025-10-11
315743,"kiara kulkarni",kiara.kulkarni645@gmail.com,kolkata,"west bengal",east,consumer,2024-08-25
531673,"meera khan",meera.khan808@gmail.com,nagpur,maharashtra,west,corporate,2025-12-10
834225,"ayush reddy",NULL,kolkata,"west bengal",east,consumer,2024-06-18
883973,"aditi malhotra",aditi.malhotra857@gmail.com,bhopal,"madhya pradesh",central,"small business",2024-09-30
520596,"ananya rao",ananya.rao185@gmail.com,pune,maharashtra,west,consumer,2025-06-25
897816,"dhruv menon",dhruv.menon149@outlook.com,kochi,kerala,south,consumer,2025-05-12
301355,"varun rao",varun.rao978@gmail.com,jaipur,rajasthan,north,"small business",2024-03-24
894878,"kiara patel",kiara.patel198@yahoo.com,jaipur,rajasthan,north,consumer,2024-03-18
301833,"ved kapoor",ved.kapoor776@yahoo.com,pune,maharashtra,west,consumer,2024-06-24
718525,"isha kulkarni",isha.kulkarni678@outlook.com,surat,gujarat,west,consumer,2026-04-01
212394,"vivek kapoor",vivek.kapoor909@outlook.com,surat,gujarat,west,consumer,2024-03-19
954224,"rhea verma",rhea.verma348@gmail.com,hyderabad,telangana,south,consumer,2024-11-17
459974,"priya  nair",priya.nair875@gmail.com,delhi,delhi,north,"small business",2026-02-20
499659,"arnav das",arnav.das489@yahoo.com,ahmedabad,gujarat,west,corporate,2025-12-25
408371,"meera reddy",meera.reddy612@outlook.com,bengaluru,karnataka,south,"small business",2024-05-13
541876,"sahil nair",sahil.nair822@yahoo.com,hyderabad,telangana,south,consumer,2026-04-04
592020,"kiara nair",kiara.nair925@outlook.com,patna,bihar,east,consumer,2024-05-05
836208,"aditya bhat",aditya.bhat47@gmail.com,kochi,kerala,south,consumer,2025-12-25
383221,"pranav khan",pranav.khan567@gmail.com,ahmedabad,gujarat,west,consumer,2025-07-03
727246,"aarav menon",aarav.menon629@gmail.com,nagpur,maharashtra,west,consumer,2026-04-03
286212,"priya singh",priya.singh208@gmail.com,patna,bihar,east,consumer,2025-01-16
723462,"varun iyer",varun.iyer911@outlook.com,delhi,delhi,north,"small business",2024-01-26
265020,"isha menon",isha.menon758@yahoo.com,chennai,"tamil nadu",south,consumer,2025-05-30
255785,"mihir kapoor",mihir.kapoor922@gmail.com,patna,bihar,east,consumer,2025-06-24
600448,"dhruv patel",dhruv.patel724@gmail.com,bhubaneswar,odisha,east,consumer,2024-10-04
901441,"dhruv rao",dhruv.rao991@yahoo.com,bengaluru,karnataka,south,consumer,2024-01-04
611538,"rohan reddy",rohan.reddy241@gmail.com,delhi,delhi,north,consumer,2025-03-29
488226,"vikas agarwal",vikas.agarwal493@yahoo.com,bengaluru,karnataka,south,"small business",2026-02-09
508068,"rhea menon",rhea.menon750@outlook.com,bhubaneswar,odisha,east,consumer,2025-02-11
666877,"rohan agarwal",rohan.agarwal849@yahoo.com,patna,bihar,east,consumer,2025-04-13
571242,"arnav banerjee",arnav.banerjee868@outlook.com,indore,"madhya pradesh",central,consumer,2026-04-10
593565,"pallavi reddy",pallavi.reddy17@gmail.com,delhi,delhi,north,consumer,2025-11-28
203676,"sameer verma",sameer.verma134@yahoo.com,bhopal,"madhya pradesh",central,"small business",2025-12-11
242097,"karan shah",karan.shah403@gmail.com,mumbai,maharashtra,west,consumer,2024-07-09
996075,"shreya singh",shreya.singh491@gmail.com,ahmedabad,gujarat,west,"small business",2024-12-26
381598,"pallavi rao",pallavi.rao219@outlook.com,chennai,"tamil nadu",south,"small business",2025-08-30
442850,"sakshi sharma",sakshi.sharma651@gmail.com,bhubaneswar,odisha,east,consumer,2026-02-13
255887,"isha menon",isha.menon906@yahoo.com,delhi,delhi,north,consumer,2025-09-20
568342,"aditi reddy",aditi.reddy918@outlook.com,lucknow,"uttar pradesh",north,consumer,2024-03-15
491764,"kavya mehta",kavya.mehta340@yahoo.com,indore,"madhya pradesh",central,consumer,2025-12-21
377570,"vivek shah",vivek.shah565@gmail.com,hyderabad,telangana,south,"small business",2024-11-11
833912,"shreya nair",shreya.nair713@yahoo.com,delhi,delhi,north,corporate,2025-02-07
687478,"aditi menon",aditi.menon596@outlook.com,lucknow,"uttar pradesh",north,consumer,2024-02-23
752183,"sakshi shah",sakshi.shah301@outlook.com,indore,"madhya pradesh",central,consumer,2024-09-10
629730,"neha singh",neha.singh538@gmail.com,nagpur,maharashtra,west,consumer,2024-08-26
691981,"arjun sharma",arjun.sharma299@gmail.com,pune,maharashtra,west,consumer,2024-02-15
534152,"arnav shah",arnav.shah469@yahoo.com,pune,maharashtra,west,consumer,2025-10-07
451923,"sameer bhat",sameer.bhat828@outlook.com,mumbai,maharashtra,west,"small business",2025-05-03
613386,"mihir bose",mihir.bose751@gmail.com,mumbai,maharashtra,west,consumer,2024-04-29
578458,"pranav iyer",pranav.iyer964@gmail.com,mumbai,maharashtra,west,consumer,2025-05-09
724264,"diya shah",diya.shah716@yahoo.com,jaipur,rajasthan,north,consumer,2025-03-13
813405,"rahul joshi",rahul.joshi783@gmail.com,bengaluru,karnataka,south,consumer,2025-06-25
485707,"rhea malhotra",rhea.malhotra564@yahoo.com,mumbai,maharashtra,NULL,consumer,2026-04-23
492901,"pranav khan",pranav.khan347@outlook.com,kochi,kerala,south,consumer,2025-01-30
981656,"nikhil joshi",nikhil.joshi163@gmail.com,kolkata,"west bengal",east,corporate,2025-10-25
328394,"vivek iyer",vivek.iyer74@yahoo.com,bengaluru,karnataka,south,"small business",2025-07-09
634828,"isha iyer",isha.iyer722@outlook.com,noida,"uttar pradesh",north,consumer,2025-03-05
748766,"neha kapoor",neha.kapoor344@yahoo.com,kolkata,"west bengal",east,consumer,2024-01-28
209896,"aditi desai",aditi.desai338@gmail.com,kochi,kerala,south,consumer,2025-11-02
459160,"pallavi nair",pallavi.nair778@yahoo.com,nagpur,maharashtra,west,consumer,2024-02-25
692063,"simran nair",simran.nair503@outlook.com,kolkata,"west bengal",east,consumer,2024-04-29
440325,"akash malhotra",akash.malhotra387@gmail.com,delhi,delhi,north,consumer,2025-09-11
133026,"ved malhotra",ved.malhotra719@outlook.com,bhubaneswar,odisha,east,consumer,2024-11-11
713807,"pranav agarwal",pranav.agarwal134@outlook.com,surat,gujarat,west,"small business",2024-03-28
486108,"zoya mehta",zoya.mehta404@yahoo.com,mumbai,maharashtra,west,consumer,2025-04-17
294304,"ananya kapoor",ananya.kapoor992@outlook.com,lucknow,"uttar pradesh",north,"small business",2026-02-02
156175,"yash bhat",yash.bhat421@gmail.com,bengaluru,karnataka,south,consumer,2025-05-25
345398,"shreya gupta",shreya.gupta609@gmail.com,hyderabad,telangana,south,consumer,2025-11-01
353016,"kavya shah",kavya.shah228@yahoo.com,jaipur,rajasthan,north,corporate,2025-01-30
526901,"yash agarwal",yash.agarwal106@yahoo.com,jaipur,rajasthan,north,consumer,2025-04-04
913868,"dhruv das",dhruv.das618@gmail.com,noida,"uttar pradesh",north,consumer,2025-05-22
198081,"kiara bhat",kiara.bhat347@yahoo.com,bengaluru,karnataka,south,consumer,2026-04-23
329509,"arnav menon",arnav.menon837@yahoo.com,ahmedabad,gujarat,west,consumer,2026-03-28
235450,"rhea verma",rhea.verma20@gmail.com,mumbai,maharashtra,west,consumer,2026-01-12
520605,"nisha das",NULL,delhi,delhi,north,"small business",2025-09-26
732665,"kavya singh",kavya.singh373@gmail.com,indore,NULL,central,consumer,2024-09-04
440772,"tanvi iyer",tanvi.iyer264@outlook.com,noida,"uttar pradesh",north,consumer,2024-10-19
648844,"zoya malhotra",zoya.malhotra373@outlook.com,nagpur,maharashtra,west,consumer,2024-09-01
669378,"shreya verma",shreya.verma395@yahoo.com,indore,"madhya pradesh",central,consumer,2025-04-13
968014,"rohan das",rohan.das689@gmail.com,pune,maharashtra,west,consumer,2025-06-24
264431,"kavya banerjee",kavya.banerjee174@yahoo.com,jaipur,NULL,north,consumer,2025-06-13
894372,"kiara gupta",kiara.gupta532@yahoo.com,bhopal,"madhya pradesh",central,consumer,2025-10-08
148102,"yash patel",yash.patel983@outlook.com,nagpur,maharashtra,west,consumer,2025-05-26
178580,"tanvi kapoor",tanvi.kapoor634@gmail.com,hyderabad,telangana,south,corporate,2026-04-19
648631,"simran patel",simran.patel951@yahoo.com,lucknow,"uttar pradesh",west,consumer,2024-09-11
682782,"rhea kulkarni",rhea.kulkarni718@outlook.com,surat,gujarat,west,consumer,2026-01-28
287693,"ved sharma",ved.sharma901@outlook.com,chennai,"tamil nadu",south,consumer,2024-07-19
410216,"bhavya khan",bhavya.khan108@yahoo.com,hyderabad,telangana,south,consumer,2024-02-23
576647,"ved verma",ved.verma474@gmail.com,noida,"uttar pradesh",north,consumer,2024-09-30
946106,"aarav pillai",aarav.pillai811@yahoo.com,delhi,delhi,north,consumer,2025-04-22
277121,"sahil das",sahil.das437@gmail.com,kochi,kerala,south,consumer,2025-08-07
863492,"aarav shah",aarav.shah737@outlook.com,indore,"madhya pradesh",central,consumer,2025-11-18
989794,"aman shah",aman.shah785@outlook.com,ahmedabad,gujarat,west,consumer,2025-06-29
652250,"sakshi verma",sakshi.verma338@yahoo.com,noida,"uttar pradesh",north,"small business",2024-02-05
511918,"kiara rao",kiara.rao106@yahoo.com,jaipur,rajasthan,north,consumer,2024-09-05
596578,"kavya mehta",kavya.mehta130@yahoo.com,indore,"madhya pradesh",central,consumer,2024-05-05
648309,"meera mehta",meera.mehta589@outlook.com,pune,maharashtra,west,consumer,2026-04-20
545153,"shreya verma",shreya.verma652@gmail.com,patna,bihar,east,consumer,2024-08-05
242287,"aman desai",aman.desai830@outlook.com,kolkata,"west bengal",east,consumer,2024-09-02
391881,"aditi desai",aditi.desai411@yahoo.com,kochi,kerala,south,consumer,2024-01-02
836203,"sameer iyer",sameer.iyer890@yahoo.com,gurugram,haryana,north,"small business",2024-02-20
951678,"mihir nair",mihir.nair939@outlook.com,chennai,"tamil nadu",south,consumer,2024-09-15
919927,"akash iyer",akash.iyer656@outlook.com,jaipur,rajasthan,north,consumer,2024-06-21
195215,"kiara sharma",kiara.sharma727@outlook.com,surat,gujarat,west,consumer,2026-01-16
913980,"sameer kulkarni",sameer.kulkarni861@outlook.com,chennai,"tamil nadu",south,consumer,2025-07-23
638474,"meera banerjee",meera.banerjee488@yahoo.com,mumbai,maharashtra,west,consumer,2025-06-18
887590,"tanvi singh",tanvi.singh870@yahoo.com,jaipur,rajasthan,north,consumer,2025-10-18
821239,"avni shah",avni.shah745@outlook.com,kochi,kerala,south,consumer,2024-11-26
552094,"meera desai",meera.desai890@outlook.com,lucknow,"uttar pradesh",north,"small business",2025-12-23
565883,"kabir joshi",kabir.joshi144@yahoo.com,chennai,"tamil nadu",south,consumer,2025-03-26
335484,"diya mehta",diya.mehta53@outlook.com,kolkata,"west bengal",east,consumer,2024-02-12
715785,"ishaan shah",ishaan.shah862@outlook.com,kochi,kerala,south,consumer,2025-03-09
804884,"arjun mehta",arjun.mehta71@gmail.com,chennai,"tamil nadu",south,consumer,2024-11-22
628210,"riya pillai",riya.pillai354@outlook.com,indore,"madhya pradesh",central,consumer,2024-03-19
500421,"avni singh",NULL,lucknow,"uttar pradesh",north,corporate,2025-05-31
185948,"kiara iyer",kiara.iyer952@yahoo.com,pune,maharashtra,west,consumer,2025-07-25
128960,"simran malhotra",simran.malhotra307@outlook.com,hyderabad,telangana,south,"small business",2024-08-22
635958,"ishaan gupta",ishaan.gupta659@gmail.com,lucknow,"uttar pradesh",north,"small business",2024-02-04
644114,"ayush menon",ayush.menon417@outlook.com,indore,"madhya pradesh",central,"small business",2026-02-11
323509,"mihir singh",mihir.singh975@yahoo.com,patna,bihar,east,consumer,2024-01-26
766286,"sameer patel",sameer.patel77@outlook.com,indore,"madhya pradesh",central,consumer,2024-03-06
783010,"dhruv joshi",dhruv.joshi770@yahoo.com,kochi,kerala,south,consumer,2025-09-15
149836,"aman kulkarni",aman.kulkarni438@yahoo.com,kochi,kerala,south,consumer,2025-08-20
163437,"vivek sharma",vivek.sharma108@gmail.com,bengaluru,karnataka,south,consumer,2024-03-22
521337,"yash das",yash.das974@gmail.com,bhubaneswar,odisha,east,"small business",2026-04-03
499200,"ishaan rao",ishaan.rao874@gmail.com,jaipur,rajasthan,north,corporate,2025-11-11
655109,"tanvi khan",tanvi.khan934@gmail.com,noida,"uttar pradesh",north,"small business",2024-02-01
506712,"simran shah",simran.shah764@outlook.com,noida,"uttar pradesh",north,consumer,2024-04-13
526647,"aditya shah",aditya.shah322@yahoo.com,pune,maharashtra,west,"small business",2025-03-08
249215,"ayush menon",ayush.menon320@yahoo.com,hyderabad,telangana,south,"small business",2024-02-08
843195,"ved malhotra",ved.malhotra451@outlook.com,delhi,delhi,north,"small business",2025-06-14
887668,"varun khan",varun.khan19@gmail.com,delhi,delhi,north,"small business",2024-05-08
987249,"bhavya singh",bhavya.singh61@yahoo.com,bhopal,"madhya pradesh",central,consumer,2024-11-26
982841,"avni singh",avni.singh759@yahoo.com,indore,"madhya pradesh",central,consumer,2024-02-11
302380,"nisha iyer",nisha.iyer550@outlook.com,surat,gujarat,west,consumer,2024-12-09
549574,"ishaan reddy",ishaan.reddy911@gmail.com,nagpur,maharashtra,west,consumer,2024-11-04
554250,"priya verma",priya.verma147@yahoo.com,kochi,kerala,south,consumer,2024-06-12
507954,"pranav iyer",pranav.iyer882@outlook.com,nagpur,maharashtra,west,consumer,2024-08-31
445845,"sameer bose",sameer.bose940@yahoo.com,bhubaneswar,odisha,NULL,consumer,2024-03-27
133215,"akash joshi",akash.joshi442@gmail.com,bengaluru,karnataka,south,consumer,2025-10-12
928670,"arjun joshi",arjun.joshi485@gmail.com,pune,maharashtra,west,consumer,2026-02-19
707415,"nisha pillai",nisha.pillai159@outlook.com,jaipur,rajasthan,north,consumer,2025-05-18
922818,"bhavya menon",bhavya.menon103@gmail.com,bhopal,"madhya pradesh",central,consumer,2025-02-09
942802,"kavya gupta",kavya.gupta101@yahoo.com,patna,bihar,east,consumer,2025-06-19
678199,"pallavi agarwal",pallavi.agarwal688@yahoo.com,pune,maharashtra,west,consumer,2024-05-08
418418,"ananya sharma",ananya.sharma579@outlook.com,delhi,delhi,north,consumer,2026-04-22
378445,"ved sharma",ved.sharma975@yahoo.com,chennai,"tamil nadu",south,consumer,2024-09-16
611008,"rohan rao",rohan.rao373@gmail.com,mumbai,NULL,west,consumer,2025-02-22
961619,"sakshi iyer",sakshi.iyer273@outlook.com,jaipur,rajasthan,north,consumer,2026-03-28
840889,"varun bhat",varun.bhat105@yahoo.com,delhi,delhi,north,consumer,2024-05-31
582439,"meera kulkarni",meera.kulkarni816@outlook.com,mumbai,maharashtra,west,consumer,2026-01-22
291897,"aditi sharma",aditi.sharma940@yahoo.com,"new delhi",delhi,north,"small business",2026-03-12
221705,"rahul khan",rahul.khan59@outlook.com,mumbai,maharashtra,west,consumer,2024-02-23
451873,"pallavi mehta",pallavi.mehta719@gmail.com,jaipur,rajasthan,north,consumer,2024-12-19
363683,"aman sharma",aman.sharma791@outlook.com,ahmedabad,NULL,west,consumer,2025-02-16
555985,"sahil malhotra",sahil.malhotra449@gmail.com,bhubaneswar,odisha,east,consumer,2025-11-08
700428,"neha iyer",neha.iyer175@outlook.com,hyderabad,telangana,south,consumer,2024-12-17
934103,"arjun mehta",arjun.mehta194@yahoo.com,nagpur,maharashtra,west,consumer,2024-06-13
502910,"aman nair",aman.nair214@outlook.com,jaipur,rajasthan,north,"small business",2025-03-25
677266,"avni bhat",avni.bhat795@yahoo.com,bhopal,"madhya pradesh",central,"small business",2024-12-16
761892,"ved joshi",ved.joshi492@gmail.com,kochi,kerala,south,consumer,2026-03-27
790987,"rohan shah",rohan.shah910@gmail.com,surat,gujarat,west,consumer,2025-11-17
118976,"kavya das",kavya.das773@gmail.com,patna,bihar,east,corporate,2026-02-26
408622,"mihir agarwal",mihir.agarwal375@yahoo.com,bhopal,"madhya pradesh",central,"small business",2024-01-09
666277,"kavya menon",kavya.menon745@yahoo.com,nagpur,maharashtra,west,consumer,2025-09-05
505136,"kiara das",kiara.das740@yahoo.com,mumbai,maharashtra,west,corporate,2024-06-20
109789,"kabir das",kabir.das351@yahoo.com,indore,"madhya pradesh",central,"small business",2025-07-20
338800,"rhea iyer",rhea.iyer471@gmail.com,"new delhi",delhi,north,consumer,2025-08-08
807924,"rohan joshi",rohan.joshi296@outlook.com,bhubaneswar,odisha,east,consumer,2024-06-12
418165,"diya nair",diya.nair618@yahoo.com,hyderabad,telangana,south,consumer,2024-08-24
236198,"rhea mehta",rhea.mehta966@gmail.com,pune,maharashtra,west,consumer,2025-01-17
719643,"arnav das",arnav.das354@gmail.com,nagpur,maharashtra,west,consumer,2026-04-04
676737,"avni iyer",avni.iyer869@gmail.com,indore,"madhya pradesh",central,consumer,2025-06-08
500503,"ayush menon",ayush.menon320@yahoo.com,bengaluru,karnataka,south,consumer,2025-03-24
586025,"rhea patel",rhea.patel593@gmail.com,gurugram,haryana,north,consumer,2025-02-03
357370,"simran bhat",simran.bhat888@outlook.com,chennai,"tamil nadu",south,consumer,2025-02-01
579108,"ayush desai",ayush.desai408@gmail.com,bhubaneswar,odisha,east,consumer,2025-06-09
502525,"ayush singh",ayush.singh491@outlook.com,indore,"madhya pradesh",central,consumer,2024-11-04
600728,"manav das",manav.das988@yahoo.com,noida,"uttar pradesh",north,consumer,2024-01-07
213140,"arjun agarwal",arjun.agarwal792@yahoo.com,lucknow,"uttar pradesh",north,consumer,2025-04-11
370445,"mihir reddy",mihir.reddy378@yahoo.com,kochi,kerala,south,consumer,2025-10-14
292119,"rohan nair",rohan.nair767@gmail.com,nagpur,maharashtra,west,consumer,2025-08-22
913365,"aman banerjee",aman.banerjee729@gmail.com,bhubaneswar,odisha,east,"small business",2025-03-28
519562,"vivek das",vivek.das479@gmail.com,kolkata,"west bengal",east,"small business",2025-03-21
889427,"vikas pillai",vikas.pillai232@gmail.com,jaipur,rajasthan,north,"small business",2024-09-27
257216,"rhea rao",rhea.rao977@yahoo.com,pune,maharashtra,west,consumer,2026-02-25
236024,"ananya nair",ananya.nair772@gmail.com,jaipur,rajasthan,north,consumer,2024-04-09
806780,"meera singh",meera.singh805@yahoo.com,kochi,kerala,south,consumer,2024-03-23
863802,"dhruv sharma",dhruv.sharma254@gmail.com,ahmedabad,gujarat,west,"small business",2024-08-01
390571,"varun bhat",varun.bhat248@outlook.com,pune,maharashtra,west,consumer,2026-04-16
221868,"rhea singh",rhea.singh243@outlook.com,delhi,delhi,north,"small business",2024-09-21
453136,"aarav singh",aarav.singh240@gmail.com,patna,bihar,east,consumer,2025-10-23
573059,"yash iyer",yash.iyer150@outlook.com,ahmedabad,gujarat,west,consumer,2025-01-06
935083,"akash patel",akash.patel580@outlook.com,noida,"uttar pradesh",north,consumer,2024-07-02
410822,"sahil sharma",sahil.sharma196@gmail.com,chennai,"tamil nadu",south,consumer,2025-04-19
264049,"zoya joshi",zoya.joshi746@outlook.com,delhi,delhi,north,consumer,2025-07-10
479414,"zoya menon",zoya.menon24@gmail.com,noida,"uttar pradesh",north,consumer,2025-10-16
831061,"bhavya kulkarni",bhavya.kulkarni497@gmail.com,bengaluru,karnataka,south,consumer,2024-10-14
379886,"vivek banerjee",vivek.banerjee272@outlook.com,surat,gujarat,west,consumer,2025-03-24
155205,"yash patel",yash.patel677@outlook.com,jaipur,rajasthan,north,consumer,2026-04-16
367830,"shreya shah",shreya.shah535@gmail.com,delhi,delhi,north,consumer,2025-09-19
164634,"avni pillai",avni.pillai518@gmail.com,nagpur,maharashtra,west,consumer,2025-02-24
151685,"kiara singh",kiara.singh453@gmail.com,bhubaneswar,odisha,east,"small business",2024-02-16
767922,"arnav kulkarni",arnav.kulkarni502@outlook.com,ahmedabad,gujarat,west,consumer,2025-11-10
522520,"nikhil bhat",nikhil.bhat627@gmail.com,hyderabad,telangana,south,consumer,2025-04-25
126317,"kabir patel",NULL,kochi,kerala,south,corporate,2026-04-15
601488,"aarav bhat",aarav.bhat923@yahoo.com,bengaluru,karnataka,south,consumer,2026-04-17
194792,"zoya malhotra",zoya.malhotra551@outlook.com,bengaluru,karnataka,south,consumer,2024-09-01
586261,"ishaan bose",ishaan.bose41@gmail.com,surat,gujarat,west,consumer,2024-10-20
724384,"rohan bose",rohan.bose493@outlook.com,bhubaneswar,odisha,east,consumer,2025-11-20
643571,"avni khan",avni.khan229@outlook.com,gurugram,haryana,north,consumer,2024-03-28
165278,"akash pillai",akash.pillai523@yahoo.com,surat,gujarat,west,consumer,2025-02-11
410043,"kavya rao",kavya.rao767@yahoo.com,jaipur,rajasthan,north,consumer,2025-05-08
537950,"karan verma",karan.verma908@outlook.com,bhubaneswar,odisha,east,consumer,2025-11-05
158076,"diya shah",diya.shah86@gmail.com,hyderabad,telangana,south,consumer,2024-10-04
748998,"diya singh",diya.singh631@gmail.com,nagpur,maharashtra,west,consumer,2024-07-02
646411,"kabir sharma",kabir.sharma896@outlook.com,delhi,delhi,north,consumer,2024-09-28
711741,"tanvi malhotra",tanvi.malhotra382@gmail.com,patna,bihar,east,consumer,2024-06-15
239500,"diya nair",diya.nair861@yahoo.com,kolkata,"west bengal",east,consumer,2024-08-09
134784,"ayush gupta",ayush.gupta64@outlook.com,lucknow,"uttar pradesh",north,consumer,2024-12-29
971601,"manav verma",manav.verma469@yahoo.com,surat,gujarat,west,consumer,2026-02-16
823362,"nikhil kulkarni",nikhil.kulkarni951@outlook.com,kochi,kerala,south,consumer,2025-05-29
647761,"vivek mehta",vivek.mehta707@yahoo.com,gurugram,haryana,north,consumer,2025-04-08
787474,"rahul banerjee",rahul.banerjee230@outlook.com,hyderabad,telangana,south,consumer,2025-08-17
897209,"sahil nair",sahil.nair264@gmail.com,pune,maharashtra,west,consumer,2025-06-14
780919,"rhea das",rhea.das114@gmail.com,pune,maharashtra,west,"small business",2024-07-23
882750,"nisha bhat",nisha.bhat824@yahoo.com,kolkata,"west bengal",east,consumer,2025-02-27
529195,"nisha verma",nisha.verma254@yahoo.com,chennai,"tamil nadu",south,"small business",2024-06-07
634280,"pallavi desai",pallavi.desai641@gmail.com,hyderabad,telangana,south,consumer,2024-11-28
901934,"neha rao",neha.rao540@yahoo.com,bhubaneswar,odisha,east,consumer,2025-08-09
279421,"vivek reddy",vivek.reddy40@outlook.com,gurugram,haryana,north,consumer,2024-02-04
452355,"ayush khan",ayush.khan166@gmail.com,chennai,"tamil nadu",south,consumer,2024-05-17
498025,"priya patel",priya.patel570@gmail.com,kochi,kerala,south,consumer,2024-08-14
478473,"ananya singh",ananya.singh381@outlook.com,kochi,kerala,south,consumer,2024-10-08
502957,"kavya singh",kavya.singh992@gmail.com,gurugram,haryana,north,consumer,2024-06-27
510981,"ananya singh",ananya.singh900@gmail.com,bengaluru,karnataka,south,consumer,2024-03-31
311118,"aditi rao",aditi.rao84@outlook.com,mumbai,maharashtra,west,consumer,2026-04-26
590270,"rahul shah",rahul.shah139@outlook.com,pune,maharashtra,west,consumer,2025-02-10
323063,"tanvi malhotra",tanvi.malhotra378@outlook.com,indore,"madhya pradesh",central,consumer,2024-02-21
667475,"arnav agarwal",arnav.agarwal68@gmail.com,bhubaneswar,odisha,east,corporate,2024-04-26
454493,"rohan verma",rohan.verma230@outlook.com,noida,"uttar pradesh",north,consumer,2025-09-21
417672,"avni agarwal",avni.agarwal54@gmail.com,noida,"uttar pradesh",north,consumer,2024-02-16
761301,"yash rao",yash.rao584@outlook.com,nagpur,maharashtra,west,consumer,2025-08-19
926020,"shreya malhotra",shreya.malhotra417@yahoo.com,mumbai,maharashtra,west,"small business",2024-05-22
362780,"sakshi kapoor",sakshi.kapoor710@outlook.com,bhopal,"madhya pradesh",central,consumer,2024-02-19
532996,"shreya verma",shreya.verma220@outlook.com,hyderabad,telangana,south,consumer,2024-04-03
705520,"avni sharma",avni.sharma164@yahoo.com,lucknow,"uttar pradesh",north,consumer,2024-11-25
283517,"priya reddy",priya.reddy993@outlook.com,bengaluru,karnataka,south,"small business",2026-04-25
243466,"mihir shah",mihir.shah256@yahoo.com,nagpur,maharashtra,west,corporate,2024-08-16
989740,"yash desai",yash.desai404@yahoo.com,patna,bihar,west,"small business",2024-12-03
454529,"yash desai",yash.desai22@outlook.com,mumbai,maharashtra,west,"small business",2024-01-30
524628,"pallavi iyer",pallavi.iyer425@yahoo.com,bhubaneswar,odisha,east,consumer,2024-05-22
608777,"nikhil khan",nikhil.khan440@outlook.com,mumbai,maharashtra,west,consumer,2026-02-27
794251,"arnav menon",arnav.menon622@gmail.com,jaipur,rajasthan,north,consumer,2024-10-18
748941,"neha nair",neha.nair282@gmail.com,kochi,kerala,south,consumer,2025-12-02
385111,"isha sharma",isha.sharma226@gmail.com,jaipur,rajasthan,north,consumer,2026-02-22
460189,"vivek nair",vivek.nair367@outlook.com,lucknow,"uttar pradesh",north,consumer,2025-12-28
642011,"sameer singh",sameer.singh355@yahoo.com,patna,bihar,east,consumer,2025-05-27
946703,"rhea singh",rhea.singh921@yahoo.com,delhi,delhi,north,consumer,2026-04-04
291348,"pranav singh",pranav.singh108@gmail.com,delhi,delhi,north,"small business",2026-04-10
262906,"zoya banerjee",zoya.banerjee816@outlook.com,indore,"madhya pradesh",central,"small business",2024-01-21
190704,"nikhil sharma",nikhil.sharma532@outlook.com,kolkata,"west bengal",east,consumer,2024-04-08
918029,"meera shah",meera.shah941@outlook.com,chennai,"tamil nadu",south,consumer,2024-10-31
468957,"aditi patel",aditi.patel119@yahoo.com,pune,maharashtra,west,"small business",2025-03-25
885424,"varun iyer",varun.iyer509@gmail.com,bhopal,"madhya pradesh",central,consumer,2026-02-16
834138,"kavya das",kavya.das201@yahoo.com,bhubaneswar,odisha,east,consumer,2025-03-28
455422,"riya joshi",riya.joshi123@outlook.com,chennai,"tamil nadu",south,corporate,2024-09-09
502144,"dhruv malhotra",dhruv.malhotra565@yahoo.com,lucknow,"uttar pradesh",north,"small business",2024-08-29
886175,"pallavi pillai",pallavi.pillai267@gmail.com,bhopal,"madhya pradesh",central,consumer,2025-02-05
141767,"akash agarwal",akash.agarwal796@outlook.com,gurugram,haryana,north,consumer,2024-06-12
748250,"nisha bose",nisha.bose176@yahoo.com,bhopal,"madhya pradesh",central,consumer,2024-04-20
615017,"yash banerjee",yash.banerjee450@outlook.com,ahmedabad,gujarat,west,consumer,2025-04-02
152294,"tanvi rao",tanvi.rao324@yahoo.com,pune,maharashtra,west,consumer,2025-08-15
548860,"isha gupta",isha.gupta333@yahoo.com,indore,"madhya pradesh",central,consumer,2025-02-05
968292,"ayush mehta",ayush.mehta346@yahoo.com,nagpur,maharashtra,west,consumer,2025-07-11
929482,"neha malhotra",neha.malhotra772@yahoo.com,bhopal,"madhya pradesh",central,consumer,2024-09-08
246788,"ayush nair",ayush.nair363@gmail.com,pune,maharashtra,west,"small business",2025-03-30
546476,"avni sharma",avni.sharma786@gmail.com,kolkata,"west bengal",east,consumer,2024-05-16
821692,"arnav desai",arnav.desai467@outlook.com,gurugram,haryana,north,"small business",2025-12-17
820397,"mihir desai",mihir.desai404@yahoo.com,mumbai,maharashtra,west,consumer,2024-05-08
847019,"pranav kapoor",pranav.kapoor908@outlook.com,surat,gujarat,west,consumer,2025-08-10
851135,"shreya verma",shreya.verma605@gmail.com,kochi,kerala,south,consumer,2025-04-14
177793,"priya gupta",priya.gupta590@yahoo.com,pune,maharashtra,west,consumer,2025-10-21
489570,"simran kapoor",simran.kapoor889@outlook.com,gurugram,haryana,north,consumer,2026-03-03
263148,"aditi nair",aditi.nair429@gmail.com,jaipur,rajasthan,north,consumer,2026-03-04
111000,"rahul agarwal",rahul.agarwal308@yahoo.com,gurugram,haryana,north,"small business",2024-10-29
463496,"avni bhat",avni.bhat534@yahoo.com,bengaluru,karnataka,south,consumer,2026-03-02
179970,"aarav singh",aarav.singh467@yahoo.com,bhopal,"madhya pradesh",central,consumer,2025-04-08
889450,"yash pillai",yash.pillai251@outlook.com,bengaluru,karnataka,south,"small business",2025-02-26
901017,"ishaan gupta",ishaan.gupta987@outlook.com,lucknow,"uttar pradesh",north,consumer,2026-03-24
417546,"rahul iyer",rahul.iyer636@outlook.com,gurugram,haryana,north,consumer,2025-09-12
662543,"vikas desai",vikas.desai371@gmail.com,nagpur,maharashtra,west,corporate,2024-08-13
908789,"ishaan gupta",ishaan.gupta543@yahoo.com,nagpur,maharashtra,west,consumer,2024-02-21
